<?xml version = "1.0" ?>

<Library xmlns:xsi="http://www.w3.org/2001/XMLSchema-instance"
                 xsi:noNamespaceSchemaLocation="Ques5.xsd">
	<play>
		<title>Arms The Man</title>
		<author>George Bernard Shaw</author>
		<description>Comedy dealing with the futility of warand the hypocrisy of human nature.</description>
	</play>
	<play >
		<title>The Mousetrap</title>
		<author>Agatha Christie</author>
		<description>A traditional whodunnitwith an extraordinary twist.</description>
	</play>
</Library>